{
  "backend\\check_tables.py": 1768399385.2590277,
  "backend\\app\\main.py": 1774384810.2753072,
  "backend\\app\\__init__.py": 1766862209.3106773,
  "backend\\app\\api\\dependencies.py": 1770018342.209591,
  "backend\\app\\api\\__init__.py": 1766862209.3132274,
  "backend\\app\\api\\endpoints\\auth.py": 1766862209.323542,
  "backend\\app\\api\\endpoints\\users.py": 1773395701.2178738,
  "backend\\app\\api\\v1\\allergies.py": 1774384817.2013566,
  "backend\\app\\api\\v1\\api.py": 1774387188.8833663,
  "backend\\app\\api\\v1\\plan.py": 1772130914.7535143,
  "backend\\app\\api\\v1\\profile.py": 1773395694.4854765,
  "backend\\app\\api\\v1\\voice.py": 1776538655.9923823,
  "backend\\app\\api\\v1\\__init__.py": 1768489143.5658329,
  "backend\\app\\core\\allergy_catalog.py": 1774385184.3240368,
  "backend\\app\\core\\config.py": 1776538639.5599988,
  "backend\\app\\core\\security.py": 1770014037.1936123,
  "backend\\app\\crud\\base.py": 1772130914.6804695,
  "backend\\app\\crud\\user.py": 1770014067.2613552,
  "backend\\app\\crud\\__init__.py": 1766862209.3322232,
  "backend\\app\\db\\session.py": 1766862209.3406203,
  "backend\\app\\db\\__init__.py": 1766862209.3377216,
  "backend\\app\\features\\__init__.py": 1769187158.9855776,
  "backend\\app\\features\\search\\router.py": 1769190056.8126829,
  "backend\\app\\features\\search\\schemas.py": 1770824681.0038924,
  "backend\\app\\features\\search\\service.py": 1776539766.2013426,
  "backend\\app\\features\\search\\__init__.py": 1769187050.5685058,
  "backend\\app\\models\\allergy.py": 1769332680.8648968,
  "backend\\app\\models\\chronic_disease.py": 1768491085.2659893,
  "backend\\app\\models\\ingredient.py": 1769332681.5232766,
  "backend\\app\\models\\meal.py": 1768491086.1429217,
  "backend\\app\\models\\profile.py": 1773395685.663587,
  "backend\\app\\models\\recipe.py": 1768491087.2088394,
  "backend\\app\\models\\user.py": 1769335799.762137,
  "backend\\app\\models\\__init__.py": 1769332684.7524552,
  "backend\\app\\schemas\\allergy_mapping.py": 1769338715.0922527,
  "backend\\app\\schemas\\plan.py": 1763977750.2119987,
  "backend\\app\\schemas\\user.py": 1773395690.1853776,
  "backend\\app\\schemas\\__init__.py": 1773512600.4398851,
  "backend\\app\\scripts\\reset_superuser.py": 1769336389.4817436,
  "backend\\app\\scripts\\seed_recipes.py": 1776573476.8686295,
  "backend\\app\\scripts\\__init__.py": 1769330428.4286585,
  "backend\\migrations\\env.py": 1773513340.1599276,
  "backend\\migrations\\versions\\6f0a9f0ddf7c_add_profile_fields_and_superuser_flag.py": 1773513407.387974,
  "backend\\migrations\\versions\\846f9fce431d_initial_migration.py": 1766862209.364249,
  "backend\\migrations\\versions\\add_dietary_restrictions.py": 1773513395.6409516,
  "backend\\migrations\\versions\\e1b3779c9677_add_database_models.py": 1766862209.3662574,
  "frontend\\postcss.config.js": 1770011555.436679,
  "frontend\\tailwind.config.js": 1770020671.828093,
  "frontend\\vite.config.js": 1770011555.4706345,
  "frontend\\src\\App.jsx": 1774385910.2496586,
  "frontend\\src\\main.jsx": 1770011555.4505377,
  "frontend\\src\\api\\allergiesApi.js": 1770012204.4346333,
  "frontend\\src\\api\\authApi.js": 1773395731.3436582,
  "frontend\\src\\api\\axiosClient.js": 1770018362.2714396,
  "frontend\\src\\api\\planApi.js": 1763977750.2440934,
  "frontend\\src\\api\\profileApi.js": 1773389418.788519,
  "frontend\\src\\api\\searchApi.js": 1770012517.200106,
  "frontend\\src\\api\\voiceApi.js": 1774387196.0462933,
  "frontend\\src\\components\\Navbar.jsx": 1774385920.6823087,
  "frontend\\src\\pages\\GeneratePlan.jsx": 1776618076.6201024,
  "frontend\\src\\pages\\Home.jsx": 1770211511.2297716,
  "frontend\\src\\pages\\Login.jsx": 1770291925.6412666,
  "frontend\\src\\pages\\PlanResult.jsx": 1776618059.2888644,
  "frontend\\src\\pages\\ProfileForm.jsx": 1776618032.6280825,
  "frontend\\src\\pages\\ShoppingList.jsx": 1776618093.155178,
  "frontend\\src\\pages\\Signup.jsx": 1770292113.823853,
  "frontend\\src\\utils\\auth.js": 1770011965.531255,
  "frontend\\src\\utils\\mealPlanStorage.js": 1776618129.0747423,
  "frontend\\src\\utils\\shoppingList.js": 1776618069.046999,
  "frontend\\src\\voice\\useVoiceSearch.js": 1774387649.936816,
  "frontend\\src\\voice\\VoiceSearchButton.jsx": 1776617649.0586102,
  "testsprite_tests\\conftest.py": 1772136041.922197,
  "testsprite_tests\\TC001_test_health_check_endpoints.py": 1772136046.7320888,
  "testsprite_tests\\TC002_test_auth_endpoints.py": 1772136054.479953,
  "testsprite_tests\\TC003_test_user_and_profile_endpoints.py": 1773395789.0575445,
  "testsprite_tests\\TC004_test_plan_and_search_endpoints.py": 1776539377.905266,
  "testsprite_tests\\TC005_test_allergy_management_endpoints.py": 1774384851.2014363,
  "testsprite_tests\\TC006_test_allergy_catalog_helpers.py": 1774385190.8477113,
  "README.md": 1773513169.1003952,
  "backend\\requirements.txt": 1774387972.6752205,
  "docs\\API_CONTRACT.md": 1773395777.3333535,
  "docs\\RDA Full Doc 24-9-20.txt": 1768549056.0865538,
  "frontend\\index.html": 1770017697.7212815,
  "testsprite_tests\\README.md": 1772136098.37507,
  "testsprite_tests\\requirements.txt": 1772136032.6771402,
  "data\\raw\\Meal_reco_SIGIR.pdf": 1763977750.2278104,
  "docs\\RDA Full Doc 24-9-20.pdf": 1768544159.9601383,
  "docs\\diagram-export-1-21-2026-11_58_09-AM.png": 1768976892.2126646,
  "docs\\diagram-export-1-21-2026-12_37_30-PM.png": 1768979253.1140318,
  "frontend\\public\\icon-192.png": 1770011555.4394362,
  "frontend\\public\\icon-512.png": 1770011555.4407141
}